model,phi,zc,z1100,age,cv,tcut,n,est.rec,sd.rec,est.lost,sd.lost,est.ratio,sd.ratio,est.chaos,sd.chaos,est.transformed,sd.transformed,est.Tanomaly,sd.Tanomaly,est.Panomaly,sd.Panomaly,est.subducted,sd.subducted,est.med.maxP,sd.med.maxP,est.iqr.maxP,sd.iqr.maxP,est.max.maxP,sd.max.maxP,est.med.maxT,sd.med.maxT,est.iqr.maxT,sd.iqr.maxT,est.max.maxT,sd.max.maxZ,est.med.maxZ,sd.med.maxZ,est.iqr.maxZ,sd.iqr.maxZ,est.max.maxZ
cda46,13,66,46,32.6,40,50,18802,1463.42,11.924154248643998,15457.58,11.924154248643998,0.08648543230305537,7.046956000616983e-4,518.43,7.703147723397545,2776.67,12.915463287052138,25.08,1.6310125751207512,35.01,3.0167713023875518,12129.31,18.23732159583469,11498.229940999512,16.3082560445625,2848.0920527176067,51.93948974181796,28922.345930085194,659.8783266031339,653.2657321166993,0.2936417970385571,53.95212188720703,0.5921201580563192,976.0396643066406,2084.020470750946,39334.22912109375,50.291349881313145,9466.60275390625,165.8101384196591,94545.192578125
cdb46,21.5,74,46,32.6,66,36,18913,1715.85,13.26754603450757,15305.15,13.267546034507562,0.10080782562716645,7.794809960935068e-4,53.29,2.4383095651195594,3291.03,14.284592957434812,30.54,1.9197011551938294,83.81,8.373473025277535,11903.43,19.049247711755925,11041.249675440955,18.605788152667095,2278.7363137103152,29.740970855931554,26738.434228355025,367.5131174862355,645.6053955078125,0.30399459189588834,52.945953826904294,0.5631518908707214,897.1599108886719,1144.733767384011,37871.9405859375,54.38178132223555,6703.84623046875,85.13276816107155,87696.53328125
cdc46,26.1,69,46,32.6,80,35,18921,1605.58,12.96629663723797,15422.42,12.96629663723797,0.09429058022081278,7.614691471246143e-4,14.56,1.2170505828486016,3033.3,14.12963073284169,54.85,2.235503242555185,138.32,16.846832271253774,12242.62,22.41967930640447,10401.773127980849,11.47531388257724,1786.562495321131,9.986407210139106,23229.961646298234,206.84976257078006,637.3438693237305,0.29123636741322995,64.58166717529296,0.6773652243072961,827.48419189453125,650.7242160181044,36618.071015625,43.436213758088044,5337.049375,27.513877685106404,76603.46734375
cdd46,32.6,67,46,32.6,100,29,18912,862.74,10.079101290704585,16157.26,10.079101290704592,0.050689776733255,5.921916152000342e-4,165.92,4.026879384307106,2577.24,16.418220969337085,140.19,3.978972508352152,217.94,9.245058740273697,13197.99,20.077373062502705,9343.169898898155,7.83756306964964,1150.6128266358337,10.80122212973425,20086.402801292366,38.25872261586394,614.0809494018555,1.0389532412221612,84.37422424316406,0.9967457235286192,823.7339172363281,116.3392080995045,33329.75021484375,34.95005393808868,3883.219228515625,33.211423305102194,66923.27609375
cde46,22,72,46,55,40,41,18760,1803.01,12.723552486581248,15080.99,12.723552486581239,0.106788083392561,7.535863827636371e-4,6326.99,19.875620821254948,2029.26,13.640122040983696,41.53,2.190221611406183,89.53,7.410687068570824,6613.76,20.689684151843156,11097.05117102531,14.29088935130655,4046.128345994532,76.46361114306822,31026.052904921093,56.26126513448945,621.8518377685547,1.517025444704211,134.4611846923828,1.1704903813649334,1004.5656665039063,175.39775820562525,39698.64796875,52.275998136982665,11794.928369140625,241.68549788401378,101229.323671875
cdf46,36.3,78,46,55,66,38,18782,1762.78,12.055075631651942,15140.22,12.055075631651942,0.10428799621368988,7.131914826747882e-4,201.48,4.404955886684494,3251.67,14.401918362678364,157.94,3.6812931412642467,233.03,4.347192290212245,11412.83,19.364162984255433,10708.799894566897,6.653890799097022,1810.1452687981093,15.598840728044399,30538.306317856906,97.81196911615977,630.5563986206055,0.4814871970469608,67.55504135131837,0.6761005412994467,991.2088159179688,329.36157624303706,39347.18849609375,39.33633400972126,4999.575,36.179976778983644,99880.47828125
cdg46,44,78,46,55,80,30,18794,1838.99,11.684830016960133,15075.01,11.684830016960122,0.10872590753222183,6.908377685325842e-4,4190.42,16.911642036290754,2634.62,15.279073957871297,195.16,5.1241555106153545,278.16,7.089215026853798,7957.13,20.355752667653107,11077.954060893831,15.173541395898933,1908.5942881732685,15.37854824681085,27872.95244142224,113.83445642357442,678.6121560668945,1.0289391678353348,140.30991302490236,1.057188428509071,986.1529760742187,348.99315565895023,40744.3215234375,30.43057731583357,5205.8082421875,40.70902341073234,91509.8021875
cdh46,55,59,46,55,100,21,18812,893.61,9.196941740260035,16036.39,9.196941740260032,0.052782634376845834,5.432334164359148e-4,11546.64,18.752249696686224,2285.94,13.986876966382706,335.63,5.790369922412889,379.42,21.817044583156413,1808.91,26.102012384202297,9310.616219988327,40.119236550868884,3086.6762030010696,36.763289859957844,31870.949473814442,12044.098759452969,649.5782836914062,1.8494689067994468,170.2273812866211,2.96022377329562,1017.1454663085938,37282.692785213534,36712.5394921875,106.05565088890192,6871.689638671875,99.65443335500393,103830.829453125
cdi46,34,80,46,85,40,46,18719,971.67,9.352852965050749,15875.33,9.352852965050754,0.05767614412061495,5.5516430017515e-4,7377.2,21.528932846171212,728.48,9.541488353501256,27.77,1.7457307231001455,127.38,8.772984242847613,7639.47,22.79972310659438,9705.957713783684,13.321398100544057,2691.2501721795143,20.34100624061543,31574.59673307628,71.44281864083153,590.2639505004882,0.931460236463463,118.90990936279297,2.2108579159055752,1006.6267901611328,220.41157175781413,39822.2674609375,50.318187515463,7454.402802734375,133.9759287928907,102986.59765625
cdj46,56.1,70,46,85,66,32,18750,1097.46,10.652850901201631,15777.54,10.652850901201623,0.06503466666666667,6.312800534045413e-4,7816.83,19.809218851715276,2365.63,15.216056776917725,306.95,6.238322424070968,496.78,9.970238541060915,5095.62,18.81101117468547,9523.563427606081,20.282491189212045,16536.250814547177,51.93703323251641,31899.991877516182,61.97981416639619,632.937141418457,0.558289200143884,282.98559158325196,2.352631967174554,1009.1597741699219,189.03094016766454,38208.22607421875,70.111165658493,47601.865966796875,150.5441398381539,104297.439609375
cdk46,68,58,46,85,80,27,18760,684.41,7.333464186160382,16199.59,7.333464186160382,0.040536010424070124,4.343440053399898e-4,12079.47,18.293043884095813,1708.6,12.57623219257724,310.48,5.236777480840515,539.74,15.583350348394537,1871.71,20.58355477736357,9891.248185057291,12.124393321929468,1735.6224896471435,17.72705848948885,28750.014796934363,75.60961519216099,585.7015393066406,1.3272661373855117,80.48042739868164,1.0419131347661903,994.7357922363282,283.1480447569162,39147.4980078125,129.37420778816465,7716.59634765625,69.28065360665411,94587.4765625
cdl46,85,65,46,85,100,20,18779,585.19,7.9234914760929245,16315.81,7.923491476092924,0.034624578427311994,4.688179087682931e-4,13953.04,15.075513626776063,1629.97,11.799208156961766,323.21,5.9344823538435785,570.67,10.624019859723438,158.54,10.482713042303159,10366.949382613739,27.93927991210765,9096.79185223202,905.1771357752882,27909.677219849567,171.9443555159948,627.2087530517579,1.126087337594448,251.56732254028321,26.913724014799836,993.2715521240234,490.1380291624621,37311.0914453125,78.97907422636735,29080.399521484374,2670.0693014948274,91916.887265625
cdm46,44,79,46,110,40,79,18739,0,0,16865,0,0,0,0,0,2283.64,61.3475806904042,16.19,1.29251926894962,218.28,11.240331423274428,14360.42,62.40065720969627,NA,NA,NA,NA,-Inf,NA,NA,NA,NA,NA,-Inf,NA,NA,NA,NA,NA,-Inf
cdn46,72.6,70,46,110,66,32,18769,1462.96,10.178130645376056,15429.04,10.178130645376065,0.0866066777172626,6.025414779408039e-4,8083.23,19.83459634379314,2106.93,14.455962385287553,173.1,4.026427847623899,413.09,5.146529673164982,4886.24,18.02642280631183,11652.22890839857,10.115080304175567,1486.4135757619204,37.907325072367556,31607.463321785217,198.2151217928675,717.6272384643555,0.9768954066546662,187.34652389526366,1.6849160393644338,1008.9039569091797,598.6848646167188,44095.64982421875,42.045950668640046,4313.97861328125,95.76420696133994,103751.77828125
cdo46,88,68,46,110,80,28,18764,943.59,9.634843123798229,15943.41,9.634843123798229,0.055876709895185644,5.705479436133256e-4,11682.4,18.67532266836846,1776,12.617128008858403,241.72,4.458744670914006,823.39,20.30220916476079,1693.96,22.520437407166437,11995.110760544176,11.803962479985207,11755.940781130636,123.46573805599502,29295.956212393026,31.861656988366438,676.491476135254,0.5561245192130589,214.26124450683594,2.557180013319119,998.9314593505859,105.56872644287546,41421.727578125,60.29161551097545,38660.738525390625,352.42828135613604,96706.154609375
cdp46,110,64,46,110,100,24,18771,922.1,9.381369889845569,15970.9,9.381369889845573,0.05458473924110578,5.553406671310938e-4,12752.41,17.66243231130737,1512.18,11.852954283743994,262.13,4.789835618528603,715.05,8.521363527255264,993.92,10.82149002978086,12894.448783685071,18.877866833706722,1785.9173290851456,32.436748619085435,28744.471337355662,52.57477496769276,766.9997134399414,1.125821052559232,111.49018447875977,3.159821672258219,997.4790020751954,177.90577632468634,45748.77689453125,68.17353660233222,6038.596826171875,137.3357556107416,95018.37234375
cda62,13,80,62,32.6,40,57,18942,1371.65,11.330993519608688,15675.35,11.33099351960868,0.08046283803601807,6.64691354467571e-4,643.04,7.636859050788883,3876.83,15.526487631844443,16.24,1.295836378248395,30.31,4.3500725641225015,11125.17,18.588067748592454,12152.320504128604,30.984910594102132,3695.805934780924,20.966148291218726,27199.586539424836,367.3147917025225,644.1788244628906,0.4747424966718967,61.3406332397461,1.6655666282818173,966.4354150390625,1167.2182235782107,41657.08279296875,113.48122569034413,12030.724921875,63.291924958575365,89273.105390625
cdb62,21.5,79,62,32.6,66,41,19034,1401.3,10.836246694508317,15728.7,10.836246694508318,0.08180385288966725,6.325888321370878e-4,16.84,1.4122122483335973,2910.68,16.25670335708947,13.57,1.1033008326257743,30.63,5.967343790933443,12771.45,17.916966170858174,10153.476541189595,16.025040957185105,2555.996609451676,243.36642965849282,26787.689809401003,576.970511202988,600.1187219238282,0.4130372693930924,63.28388580322266,0.7165672730423328,945.0194616699218,1811.4484903228029,35745.7181640625,41.50239620554014,7796.383935546875,641.1519111223168,87893.845390625
cdc62,26.1,78,62,32.6,80,42,19036,1257.81,10.169964691098087,15874.19,10.169964691098079,0.07341874854074247,5.936239021187305e-4,11.7,1.0200019805882934,2838.47,15.42820125417717,10.02,0.9209130295966111,40.68,4.6772175100548425,12987.79,18.088053426714453,9695.981960386236,6.92919614481353,739.4442070184496,10.529532983103628,23253.650404179494,101.34882048024441,600.9771383666993,0.7224214571616029,57.16577941894531,0.5878644542179297,895.8872497558593,313.85915883265403,34397.86845703125,13.453821828808008,2200.937373046875,24.796237736365875,76771.35234375
cdd62,32.6,77,62,32.6,100,35,19028,1276.07,9.465786344045126,15848.93,9.465786344045119,0.07451503649635037,5.52746647827452e-4,40.21,2.3410910000909984,2280.07,13.353965097991834,15.39,1.0139930069688936,73.44,4.395406233739487,13455.27,15.911278637456753,9694.78338475007,9.05833162634359,693.0042638995709,6.6793519382435385,18938.125564824928,177.13112770806612,614.3080822753906,0.5936512544468986,47.91054473876953,0.41395687508560475,764.5940069580079,564.7418636290311,34385.7946875,11.984764211960691,2166.904921875,19.97535810948311,63151.23328125
cde62,22,87,62,55,40,62,18770,1788.1,12.56618840019084,15104.9,12.56618840019085,0.10584857633339254,7.438695554484603e-4,3.59,0.7260659179246178,2911.71,13.601318266471768,11.78,1.0785324859420429,16.21,6.730444925031995,12164.46,19.605925717300963,15016.761015130125,189.176523049876,8832.99384443855,33.90422467364154,28121.310875457562,707.7765927432039,626.5197097778321,0.6647057441576838,136.06655181884764,1.432192991401154,988.5143487548828,2236.367021040812,51510.924375,563.5640830482394,26294.858212890624,95.5895147686591,92119.04859375
cdf62,36.3,82,62,55,66,39,18836,1519,12.003366531136509,15433,12.003366531136509,0.08960594620103822,7.080796679528374e-4,125,3.44069525508782,1686.49,13.04885536216209,26.16,1.6920491432078157,60.45,11.410056701848326,13547.58,21.525263522126025,10622.122512848864,5.768262940764626,1291.8226675499434,17.06946971350733,26267.054850107863,2.9438302259140263,582.7489520263672,0.7715781092504891,80.24719833374023,0.5163563207150756,985.6559655761719,9.09117911826715,39284.66896484375,30.33665368932348,3570.451455078125,34.337393228084245,86352.776875
cdg62,44,75,62,55,80,39,18843,1218.68,11.17074100252327,15739.32,11.170741002523267,0.07186460667531548,6.587298621608251e-4,37.15,1.9351871989421323,1916.09,12.287050751161406,48.75,1.9662557351884866,182.35,20.01836278232684,13597.45,25.487717382569524,8517.685822621215,6.072145886215078,1375.4793864996639,18.970764207847655,19572.77197269697,474.4432903208801,556.8697875976562,0.47353377064919056,59.634806365966796,1.0232161349216728,707.085849609375,1403.9549110360508,35110.291640625,24.408757231148186,3045.157109375,34.79187046082846,65568.934765625
cdh62,55,70,62,55,100,32,18852,1104.72,10.05849558002256,15861.28,10.058495580022557,0.06511375692561594,5.928619344584786e-4,348.12,5.326283219027403,1617.33,11.44954235775474,43.94,1.9736650007925707,149.75,10.188501143718616,13745.19,17.441211499946295,8093.146213109899,7.0667710351864175,724.0047535169218,7.3316147881320815,22194.327496169295,530.1263905580803,567.2543850708008,0.7026152890270051,82.56352813720703,0.9349492892366755,871.1980493164062,1653.2994503704726,34787.6973828125,9.811720907194697,1672.902734375,23.811377328124124,73839.505859375
cdi62,34,91,62,85,40,68,18775,1833.29,12.994400503464732,15063.71,12.994400503464723,0.10849795821743505,7.690359533328248e-4,68.29,2.76812666843937,2228.99,14.343192521791364,4.5,0.6276459144608478,78.12,6.037391904630754,12689.18,18.534368839613297,17427.31396330816,42.316460475015106,14348.990966221194,27.266444396138773,27134.33841034842,101.39604016375185,632.6292117309571,2.9939534093713207,256.5503845214844,3.1441883176799554,958.3140661621094,312.2919203957207,59551.680703125,156.89621110442081,39450.003798828126,71.52648884482069,89190.582109375
cdj62,56.1,77,62,85,66,50,18839,1231.2,9.871906880362353,15723.8,9.871906880362342,0.07261574756708936,5.822416325781388e-4,54.92,2.5768197453450252,1835.5,13.348097885905586,52.74,2.627054270740165,148.42,3.962399028443002,13684.96,15.736414695690604,9080.820180761984,5.596233729550388,758.1253618173558,14.446159484843664,26558.70609271955,419.6586043855759,540.0626586914062,0.2206649713621611,48.99449661254883,0.8752259619633659,975.0339385986329,1263.1216300092678,38004.75392578125,15.671320460731184,2665.962919921875,41.7284734638232,87644.653125
cdk62,68,72,62,85,80,32,18850,935.68,10.2571778267561,16029.32,10.257177826756097,0.0551535514294135,6.04608183127386e-4,6470.88,19.377316739951475,1274.89,10.704379354905983,25.47,1.5792531158875087,184.18,5.383063601460952,8099.37,19.522406189666874,9604.211289890323,6.869108608280954,730.3124547912649,7.329219683964676,29510.989333469992,120.10381558609352,566.1265469360352,0.4400256613992098,75.71737258911133,1.3807563645194452,998.8718688964843,347.23150672720544,36919.56517578125,20.96589869770507,2699.675224609375,86.54732899801762,96922.909296875
cdl62,85,67,62,85,100,25,18866,686.7,8.5392735006669,16292.3,8.539273500666893,0.04044407797867954,5.029314742132577e-4,11584.11,18.502467757877948,813.22,8.425046833188176,56,2.3441308613107537,280.13,5.923169708352058,3613.94,17.527940177576106,10472.094646918627,15.043067894349223,792.4951498997066,12.928249216384689,31977.26122982239,539.4194787301507,603.5872311401367,0.642635146854829,67.44404357910156,1.6883347903709494,1010.9681719970703,1680.9477808012566,35931.46345703125,11.864203801821262,2046.739326171875,33.10876823323804,104864.041953125
cdm62,44,88,62,110,40,79,18829,0,0,16946,0,0,0,0,0,3755.82,17.32306222492099,5.5,0.6435381994422819,206.73,7.78998969151689,12983.45,19.005249142000064,NA,NA,NA,NA,-Inf,NA,NA,NA,NA,NA,-Inf,NA,NA,NA,NA,NA,-Inf
cdn62,72.6,77,62,110,66,43,18889,752.1,8.913161304747295,16247.9,8.913161304747296,0.044241176470588235,5.243036061616052e-4,3036.45,16.427603648011527,1056.77,9.0529921388824,47.5,2.15322168769582,466.95,16.216574013251773,11692.3,21.551676210326352,11201.77105210292,17.720391165989177,1282.9605677128754,12.96600629105646,27118.75529589993,74.11776246487945,633.0294052124024,0.45267391099575255,51.17624694824219,0.7013693733573514,985.7408660888672,234.45983529000657,39838.43251953125,15.163926751047978,1915.89736328125,34.282458472180096,90099.010234375
cdo62,88,74,62,110,80,31,18908,466.36,6.802435689746089,16550.64,6.802435689746079,0.02740553564082976,3.9974353233508154e-4,10165.46,18.407519324362188,937.29,8.097006554987788,74.5,2.5839442092985823,684,8.6655010871218,4766.62,16.94958656865957,25776.071809683606,15.777290256741747,14002.26765193687,43.36694707184906,31240.29593002317,79.5985380383109,875.5745980834961,1.582255922933915,267.0117936706543,15.020890358417061,1008.1553857421875,233.90387228554044,85983.081484375,55.040390339083984,46486.396171875,404.7383985403764,102703.8634375
cdp62,110,75,62,110,100,27,18908,525.75,6.991156029317514,16491.25,6.991156029317514,0.03089557501322207,4.1083363867412047e-4,11689.67,20.822023596823303,974.94,10.687309570634968,81.02,3.2160581933525867,780.02,9.380809984196242,3049.76,15.01387910090413,24732.807278797416,44.58465855108827,13947.974533066938,35.05264503883557,29889.777481335208,168.88994185682796,848.503140258789,1.3457557410408967,313.0504846191406,3.4666493922016635,999.4721978759766,529.9876727852738,82680.114453125,129.79668536237313,47385.93846679688,75.18450803788559,98639.794609375
cda78,13,87,78,32.6,40,61,19228,1871.79,12.732123534468611,15433.21,12.732123534468617,0.10816469228546663,7.357482539421329e-4,73.97,2.599358895317587,1450.69,11.21479452159584,7.19,0.8127146181194542,19.47,2.23586468935195,13891.84,17.301672716471067,14913.986373339492,62.58113669740143,13340.069839127573,148.42782087069767,40077.75981796344,12.911092028294965,656.5627655029297,0.9248018293055918,236.91108627319335,1.428512001566639,1047.552528076172,56.79215717361755,50465.7720703125,203.38006730831515,42475.03041992187,393.91421694746447,129573.79171875
cdb78,21.5,94,78,32.6,66,42,19326,1791.16,12.185203811147025,15601.84,12.185203811147037,0.1029816592882194,7.005809125019847e-4,71.64,2.5247062035297123,1024.89,9.983719069797916,13.58,1.1297626460295263,62.55,3.9781600741746908,14457.17,15.395824568415112,9852.949642145302,24.559278250556428,3915.500879991085,47.767383853102956,31577.8410752558,160.80262467031898,593.9952990722657,0.4221231544926416,87.90490524291992,0.5838998413470221,910.1001159667969,493.59724708287695,34608.23029296875,134.62017289374745,11588.94275390625,134.39016057922944,103090.98140625
cdc78,26.1,97,78,32.6,80,44,19324,1746.71,10.615687838422357,15644.29,10.615687838422357,0.1004375826576965,6.104127329321117e-4,26.98,1.6079348697800377,407.63,6.44895262030897,6.39,0.7232781713361143,37.41,6.5722019433245045,15172.36,13.367018056289576,10299.961006692833,17.939541496038775,2833.201617683673,12.36017955080121,32123.45599903265,63.95136768057585,594.9000082397461,0.26007237847384784,57.00354537963867,0.4657123516791389,896.7757116699219,220.5258538451943,36266.321328125,55.22138530188722,9087.57203125,33.75562491593621,104914.207890625
cdd78,32.6,97,78,32.6,100,37,19338,1804.69,12.740371686378337,15599.31,12.740371686378312,0.10369397839577109,7.320369849677279e-4,59.28,2.3141200304114533,279.47,5.409410057641879,7.28,0.7531750973530176,95.24,10.065562853390542,15164.41,18.35018234021645,9723.760250425777,10.276263871465396,1280.2536163481614,17.81760514199396,32029.729061499507,478.53932284519016,586.1326397705078,0.22310426323198107,44.70017379760742,0.5000949879922774,887.9012322998046,1501.621517451861,34588.1099609375,20.793656226945384,3938.026123046875,50.88179544441706,104725.94953125
cde78,22,90,78,55,40,66,18942,1881.35,11.618841368547667,15165.65,11.618841368547661,0.11036252713087347,6.815768973161064e-4,6.23,0.8022065529122498,1907.4,13.746624930130922,3.7,0.5025189076296062,25.52,24.685283719723227,13222.06,28.443749202361985,14760.173015776058,50.48696513525676,8918.381334728356,36.53908469870043,29728.71377120708,260.6973392168486,635.2348449707031,0.8891813032883512,119.2234033203125,1.2843820556301633,960.0220092773437,812.8332883975496,50875.488984375,154.6770113685182,26804.484970703124,78.94688761185441,97299.952734375
cdf78,36.3,90,78,55,66,41,18934,1465.18,12.293859845426487,15574.82,12.293859845426491,0.08598474178403756,7.214706482057795e-4,147.53,3.7724546573039346,1114.22,10.533812800748459,17.89,1.340096483787114,67.73,17.24151379606205,14239.01,24.826466408722645,8917.09597436728,15.302586778794948,3001.6696649538612,56.55022545073505,29828.68150263191,104.34185968649686,566.7481301879883,1.3020807022577854,90.5043846130371,0.7357342481313771,991.9285272216797,320.1256037011926,35510.169140625,32.14772510859875,7847.838779296875,181.5625999337316,97757.732265625
cdg78,44,88,78,55,80,42,18945,1444.34,11.24584771856221,15605.66,11.245847718562217,0.08471202346041055,6.595805113526229e-4,62.86,2.4495722157968816,1189.69,10.80562423701265,26.21,1.4445648745444695,127.51,3.35897711702942,14219.41,15.702470371173309,8820.596032119372,17.302074659393643,3110.6128129343842,20.170300160215557,29372.506945990193,819.6396237999984,566.6861801147461,0.5229243564162457,69.37680725097657,1.3097425389762738,973.1485778808594,2580.75065388462,35758.7562890625,28.615335729588494,7505.06857421875,58.36927997994904,96435.453125
cdh78,55,85,78,55,100,35,18960,1330.73,11.772983110203262,15733.27,11.772983110203274,0.0779846460384435,6.899310308370404e-4,174.07,3.967685125173777,1049.65,9.793189759039977,21.56,1.2658689673201733,157.76,5.107174592985086,14350.01,15.080588231701755,8397.786233792227,16.69911981114012,2034.940705920083,41.592537084847535,17341.695243422073,329.69020396397195,562.1909848022461,0.33294327503831006,56.35614639282227,0.9576767418583291,767.113037109375,997.0560584168703,35117.7608203125,21.024521459070037,4155.58107421875,87.126223494177,59313.67484375
cdi78,34,97,78,85,40,70,18860,1943.22,10.923591373026017,15030.78,10.923591373026019,0.11448214916931779,6.435484489823261e-4,50.44,2.2125445838114857,1714.78,12.361213369228599,5.32,0.7898344027949052,87.69,3.9458327333524865,13181.41,15.110431877188404,17231.258325359453,45.76175372714291,11105.628846551539,414.00400156393044,29503.914489754672,77.06788794587823,641.1467501831055,1.2874044887236904,161.27926239013672,2.048296074528863,922.4639184570312,228.0491510041933,58919.249375,132.10765340599343,32897.39255859375,1256.5574858961845,96650.0434375
cdj78,56.1,91,78,85,66,54,18911,1013.7,10.284341338543596,16005.3,10.284341338543602,0.059562841530054644,6.042858768754687e-4,191.57,4.24086659716496,1235.04,10.547554649818546,32.58,1.4986862934118685,148.53,9.103728839760047,14430.16,17.162750362339967,9068.782811551917,10.606940945445055,857.6011152933735,19.80063271344019,18277.333066924104,1049.8047282733862,560.1118344116211,0.4538538712954781,87.01682723999023,1.1349550926857719,758.05595703125,3069.992226215946,39389.9204296875,53.69137550865585,5589.886474609375,60.533106996830725,62853.270625
cdk78,68,84,78,85,80,40,18909,1002.56,10.892792538781285,16015.44,10.89279253878129,0.05891174051004818,6.400747760477899e-4,426.73,6.3831454201314815,844.5,8.475156802577922,51.45,1.8982980149426902,222.07,4.092997222406369,14522.14,17.049553446564886,9686.870465254182,2.5678033542592438,478.56448143523687,15.9226832746641,19239.8210314017,2487.4692154466293,549.493498840332,0.7790875787993429,88.75256858825684,0.8633859055597466,908.2653497314453,7070.972194836789,36829.80501953125,32.11717494717705,5523.08525390625,67.70111256678673,65903.428828125
cdl78,85,77,78,85,100,30,18910,847.86,9.841183307351251,16171.14,9.841183307351242,0.049818438216111406,5.782468598243874e-4,5850.23,19.48884944077645,655.64,7.41622572744412,35.87,1.7387735140993303,232.03,5.36440758023369,9433.24,21.489541736398284,10420.543861406784,13.687104319574045,829.7949827598057,8.742317034384758,16630.547347244217,147.76019906740112,538.1957476806641,0.40340253545749666,97.01090454101562,2.0229184218207283,768.3806005859375,427.3149591828379,37256.88119140625,24.12020448154607,5402.33478515625,102.92431621915652,57982.265546875
cdm78,44,78,78,110,40,64,18885,1532.82,13.555259145625005,15463.18,13.555259145625008,0.09018710284772888,7.975558452356437e-4,1377.47,10.465387877873585,1049.59,10.167381991725136,8.07,0.9455370981830411,367.82,12.832550153198055,12669.19,22.381312099900022,15530.449213519661,119.94159806095243,11526.037346287087,113.6582333780353,34508.04902851998,398.4034018266727,655.360348815918,0.6234096445963065,219.45500701904297,3.71089563357746,1020.6183044433594,1252.8004900839346,56387.0643359375,277.74889574334475,31516.1022265625,323.2211753170758,112753.48375
cdn78,72.6,87,78,110,66,51,18935,654.24,8.081803979035591,16386.76,8.081803979035598,0.0383921131389003,4.742564391195114e-4,535.2,7.5638694602776715,1198.18,10.856622984439616,39.72,1.912637398510709,562.61,8.2252321817955,14091.65,16.830932922161598,12008.369871245543,18.683178500873662,1656.1419972993003,37.2541016638199,17952.02196272182,135.30056836942185,597.2947561645508,1.0340926097172445,65.17610885620117,0.7391088087722512,788.6576531982422,302.170948158782,46829.2651953125,50.740652686024696,5947.79107421875,84.71051605007332,63746.65109375
cdo78,88,85,78,110,80,41,18944,457.25,6.470406603619407,16591.75,6.470406603619407,0.026819754824329873,3.79518247616834e-4,1760.04,11.453833551711094,836.67,9.498596387537127,30.83,1.7641491496532318,862.94,8.921452977644574,13132.1,17.126092090813646,12415.436021293763,9.89616349731243,1089.279763388701,16.48616364975803,24051.950085198154,1138.7967912796241,605.4184228515625,0.7688506622423269,63.532943420410156,1.3169376726648225,971.2820043945312,3436.838094647674,44384.06486328125,40.20878020833305,3521.13953125,89.12808822938777,81007.97625
cdp78,110,78,78,110,100,29,18940,668.82,7.894992659332184,16377.18,7.894992659332182,0.03923618444209785,4.631580816222098e-4,7640.38,20.405376593912543,555.72,7.159199774705368,45.86,2.174322139812031,702.89,16.331722245836524,7478.19,22.866629119149312,12331.46702976032,14.961014492821416,1201.5162199957379,37.27372168762424,25214.511137092228,313.92507753226556,602.3383386230469,0.5228175731396723,63.18691879272461,1.3070212000575983,971.7679479980469,973.9429367012322,43597.5418359375,46.967630549118766,4254.3288671875,55.95649462371128,84580.32671875
cda94,13,95,94,32.6,40,64,19634,1916.04,12.93020893219838,15753.96,12.930208932198385,0.10843463497453311,7.317605507752344e-4,59.11,2.5101611683135183,430.01,6.054458245496844,5.47,0.6269212893420537,21.64,2.85515659674197,15243.2,14.790797029493612,13766.88368126815,23.817542127753562,14907.246676712142,37.647041660273835,32820.99110592275,112.97530668303811,641.8350827026367,0.9849055635907029,201.8836393737793,2.4725520127821206,932.6474987792968,348.71162935824395,46795.60400390625,90.58732667657905,47303.289619140625,126.73535263345337,106809.367890625
cdb94,21.5,101,94,32.6,66,45,19701,2167.01,15.327070526003691,15562.99,15.327070526003691,0.12222278623801466,8.644709828541274e-4,159.05,3.7615143092895327,369.7,5.121750016578633,7.31,0.7874649262672021,44.77,6.190339492330211,14989.41,17.82524313801336,11287.591292855022,19.417327095974496,4483.456937928127,22.256185029017534,33032.293230915806,177.09442398874873,590.6981652832031,0.5937454728258642,106.24755325317383,0.8791684027648713,971.8963159179688,541.7898371943235,39012.30234375,49.968545343016075,13338.012041015625,86.41454690410896,107671.71203125
cdc94,26.1,108,94,32.6,80,36,19722,2115.87,13.83280758402161,15633.13,13.832807584021612,0.11921065975547918,7.793570107623865e-4,73.2,2.65527871427936,37.01,1.8989364381041285,11.78,1.0207939077111507,51.88,2.7313370389247136,15466.49,14.11460666161551,10804.872121956761,12.698929190142431,3016.4710593997197,32.19049710324375,45327.06152938681,5023.537980295543,583.4174258422852,0.24838110242517977,53.19211303710937,0.5227509285554407,989.6916790771485,15597.562294021673,37900.55826171875,34.76384394650149,9860.94943359375,64.05065113164964,146082.012890625
cdd94,32.6,113,94,32.6,100,38,19732,2321.87,14.033621245157121,15436.13,14.033621245157123,0.13075064759544994,7.902703708276348e-4,309.11,5.227926177865569,360.44,5.988743649969542,4.57,0.6072790781740124,80.15,2.8652392499747656,14681,15.576465023433995,11502.051643223132,14.676141674568447,4657.735646456573,26.085755008428343,32518.95291637593,472.0088386957957,578.6113653564453,0.5689094491634089,88.3030938720703,0.7718123058805915,1003.2847930908204,1437.101688181528,40013.589375,42.39497468811318,14143.870625,85.46990918047373,106256.973828125
cde94,22,100,94,55,40,62,19169,1789.32,26.048082967132654,15462.68,26.0480829671327,0.10371667053095293,0.001509858739110403,77.31,3.044103424091507,799.73,18.4428437299806,4.47,0.6883591968139775,18.05,11.338122873872477,14544.21,43.049723423835,15355.046003384266,142.01104217395786,15001.031290649651,140.51621258781157,32025.825541260823,20.799364401145287,613.5318365478515,1.234894070803007,220.95363662719726,7.389922038515491,960.2917163085938,78.57508726168636,52582.3303125,397.11902771709697,46100.13560546875,461.121588367737,104716.63078125
cdf94,36.3,104,94,55,66,55,19166,1795.22,14.0170026623513,15453.78,14.017002662351306,0.10407675807293176,8.126269732941793e-4,109.51,3.2798589523750477,294.64,34.84033422470125,17.11,1.136137351207187,82.65,2.6680867430964206,14960.61,37.184469170269885,9785.831394353478,733.8923727512604,6726.836826396035,40.3591676772071,32032.39687514484,86.63560608518242,558.280767211914,1.5183476153110926,111.98659729003906,0.7447812635681639,981.7794207763671,309.9574448948805,37212.1276953125,1899.5100260181277,16815.696796875,96.40591700529767,105012.893515625
cdg94,44,104,94,55,80,46,19190,1788.68,12.407947925308669,15482.32,12.407947925308669,0.10356551444618146,7.184267225585464e-4,269.65,5.786391209754421,249.33,21.882632290462592,9.12,0.8793937305515277,134.33,5.397446085179941,14823.6,26.79062100320507,10125.965720788725,23.18267788165717,3382.506578635045,34.06866512111681,29162.601549074996,1536.6729565424002,557.772374572754,0.4516802995904954,65.8584063720703,0.4541155335904057,928.6180798339843,4817.487481292352,38284.7276953125,53.253961296955474,8053.061923828125,102.75255668248577,95950.408203125
cdh94,55,104,94,55,100,36,19220,1692.33,12.084763760682913,15605.67,12.084763760682913,0.0978338536246965,6.986220233947806e-4,443.37,6.274294197498848,58.17,2.24308139429093,5.57,0.6705191716841205,221.99,5.509395097779282,14878.54,14.789717968093825,10518.105945992918,19.49723038834227,3404.4951482526567,25.902163465570574,16579.457512779743,384.96766453913364,572.7009701538086,0.5686267823668504,68.0827537536621,0.7196199093539128,768.9618054199219,1116.877969517088,39960.23828125,71.09829770740997,12553.749521484375,71.05764615126517,56970.4328125
cdi94,34,101,94,85,40,75,18996,1977.04,88.50930670690724,15118.96,88.50930670690721,0.11564342536265793,0.00517719388786308,43.46,2.105404301488736,679.67,59.137069848809986,10.07,0.9873441572463406,101.21,3.3673866616848342,14294.62,135.50666463910977,17460.565428452257,301.94832695155964,11452.094864874849,273.5948238654337,36523.76302295663,468.97185443266346,632.3314147949219,5.497177685379285,127.48186645507812,5.087085300251959,1015.9514459228516,1485.6702721248253,59819.11203125,932.0983107422594,32927.23044921875,1376.9874449773151,119200.970546875
cdj94,56.1,102,94,85,66,53,19003,1353.21,10.646092848049596,15748.79,10.646092848049605,0.07912583323587885,6.225057214389889e-4,475.66,6.073988255942989,339.22,103.61307003862149,21.44,1.584776057212864,92.45,6.1272285164607085,14841.46,106.54504619496335,9262.076904911979,6.750438482150423,619.9954787540762,5.024571797459957,19568.024166461957,268.29516272394056,516.1187420654297,0.8614578565692081,97.17161109924317,0.6291019340636921,718.8729064941406,778.4812944213965,36346.2403125,20.550385546595596,2968.4358203125,35.25341498584828,66777.02921875
cdk94,68,101,94,85,80,42,19001,1287.74,10.605525527628123,15812.26,10.605525527628126,0.07530643274853802,6.202061712063227e-4,670.47,9.043614857841396,328.72,5.771892884898973,17.05,1.2583057392117918,158.13,15.414577253988897,14654.94,22.55355914934558,9836.7523322104,8.774978451297994,691.950216882881,5.177321366114838,15435.822966497077,63.09909352351371,560.4970718383789,0.6498630810551945,89.55336013793945,1.0937799585903751,737.9483410644531,78.8555557282532,37526.27240234375,29.692872607006905,5174.239951171875,68.49518549023736,54349.3403125
cdl94,85,107,94,85,100,32,19008,958.72,8.887717094480177,16148.28,8.887717094480175,0.056042555678961825,5.195368617805678e-4,2436.77,13.874513368479672,223.26,4.3498984081948615,18.63,1.4951436537853295,232.65,5.195909424487183,13255.6,17.91844600044064,10825.922623894183,10.527452234317417,2212.746239192929,52.12029171819016,38968.01869008471,321.1094728518536,582.4708309936524,0.4711429116130352,57.64063232421875,1.0863877138906837,1036.3258862304688,1040.2785972309387,43591.72529296875,127.55334537294812,8797.1765625,107.9342530852624,127401.089375
cdm94,44,106,94,110,40,74,19011,1762.54,118.38999241080433,15346.46,118.38999241080431,0.10301829446490152,0.006919749395686732,77.14,2.7598126125818148,703.48,34.59680606499666,10.79,0.8795660086863086,198.21,25.853626438084085,14368.51,135.67016561640895,16543.034500966616,608.3674824036468,11030.002480266072,877.338487269424,33170.55517907937,115.94632130720692,639.2925814819336,8.73640206945526,119.81949890136718,12.871614935050403,974.9166278076171,346.28320137966625,58556.138828125,1503.8269664280592,29797.22267578125,2960.86236304331,108540.12203125
cdn94,72.6,102,94,110,66,53,18997,584.58,7.411675201526933,16512.42,7.411675201526929,0.03419196350236883,4.3350735225635686e-4,537.45,8.1518108541611891,409.63,6.467720938739873,21.35,1.3660752600649844,665.63,8.69070675137436,14906.09,14.637087942427055,11276.86077222704,22.84528581867711,1232.552152738782,14.010879106999747,15592.161920700124,108.75721921624005,533.4033227539062,1.0969545132593073,96.1866162109375,0.8564220209241445,724.4892456054688,107.59342506975848,38267.1318359375,32.9107849689995,4307.62107421875,146.3808530438463,58005.389609375
cdo94,88,98,94,110,80,40,18988,451.37,6.675229349519527,16637.63,6.675229349519521,0.026412897185323893,3.9061556261451983e-4,1340.3,10.751086390958756,305.03,5.43734746680286,27.02,1.8145316895897006,597.08,7.604730053849329,14395.22,14.518939216058312,12070.101081241139,21.997443352258024,1627.6163492151127,49.649967948817725,39315.913339512575,358.0763951353235,582.3353903198242,1.0436344926337597,59.27547760009766,1.579377934862586,1043.3181884765625,1125.0660842620018,47777.074765625,248.88238685930048,9938.531328125,304.76032091731776,128406.46734375
cdp94,110,108,94,110,100,34,18976,1087.91,9.894488824133818,15990.09,9.894488824133825,0.06370242417144864,5.793704663387881e-4,3141.74,16.6130166806731,211.03,4.391118216572993,37.84,1.7850105395382474,706.5,7.842515572509276,11930.01,20.011862643558356,12921.051393931317,15.837455339294284,1288.6138075839394,14.628478037364395,37823.171868673,463.90618780741283,594.4979016113281,0.5513146259647905,55.01320327758789,1.0949299908463161,1038.2609686279297,1434.47819268335,47824.76453125,65.58857962308564,6011.37302734375,54.73628170466587,123917.3775
